{
  "date": "2025-11-17",
  "universe": [
    "BTC",
    "ETH",
    "SOL",
    "XRP"
  ],
  "assets": [
    {
      "symbol": "BTC",
      "sentiment": "bullish",
      "score": 0.85,
      "confidence": 0.9,
      "rationale": "Steigende ETF-Zuflüsse und Netto-Abflüsse von Exchanges deuten auf verstärktes institutionelles Interesse hin. Whale-Muster deuten auf Anhäufung.",
      "top_signals": [
        {
          "source": "news",
          "evidence": "Bitcoin-ETF-Zuflüsse steigen über 250 Mio. USD, der Kurs bleibt über 70k."
        },
        {
          "source": "onchain",
          "evidence": "Netto-Abflüsse von Exchanges lassen Reserven schrumpfen."
        }
      ]
    },
    {
      "symbol": "ETH",
      "sentiment": "bullish",
      "score": 0.8,
      "confidence": 0.85,
      "rationale": "Starker Anstieg der Layer-2-Transaktionen und neue Finanzierung für Interoperabilität verbessern die Netzwerkkapazitäten.",
      "top_signals": [
        {
          "source": "news",
          "evidence": "Layer-2-Ökosystem erhält neue Kapitalkraft für Asset-Interoperabilität."
        },
        {
          "source": "onchain",
          "evidence": "Layer-2-Transaktionen zeigen höhere Durchsätze seit dem Dencun-Upgrade."
        }
      ]
    },
    {
      "symbol": "SOL",
      "sentiment": "bullish",
      "score": 0.8,
      "confidence": 0.8,
      "rationale": "Zunahme der DeFi-TVL und stärkere On-Chain-Aktivität steigern das Vertrauen in die Plattform.",
      "top_signals": [
        {
          "source": "news",
          "evidence": "Solana-DeFi-TVL erreicht neues Jahreshoch, Aktivitäten im Ökosystem nehmen zu."
        },
        {
          "source": "onchain",
          "evidence": "Validatoren sehen steigende Votes und On-Chain-Aktivität."
        }
      ]
    },
    {
      "symbol": "XRP",
      "sentiment": "bullish",
      "score": 0.75,
      "confidence": 0.8,
      "rationale": "Neue Partnerschaften und aktive Validatornetzwerke fördern die Netzwerkentwicklung und Nutzbarkeit.",
      "top_signals": [
        {
          "source": "news",
          "evidence": "Ripple kündigt neue Partnerschaften mit Zahlungsdienstleistern an."
        },
        {
          "source": "onchain",
          "evidence": "Validatoren sichern hohe TPS bei stabilem Belohnungsfluss."
        }
      ]
    }
  ],
  "macro_summary": "Positive Signale dominieren im Kryptomarkt, mit Schwerpunkt in verstärkten Investitionen und erhöhten Aktivitäten über wichtige Netzwerke wie Bitcoin, Ethereum, Solana und XRP.",
  "method_note": "Analysierte Daten umfassen signifikante Posts aus sozialen Medien, Neuigkeiten und On-Chain-Statistiken, fokussiert auf hohe Engagement- und Importance-Werte.",
  "locale": "en"
}
