{
  "date": "2025-11-19",
  "locale": "de",
  "macro_summary": "summary",
  "assets": [
    {
      "asset": "BTC",
      "subscores": {
        "social": -1,
        "news": -1,
        "derivatives": -1,
        "onChain": -1,
        "price": 0.8
      },
      "weights": {
        "social": 0.25,
        "news": 0.15,
        "derivatives": 0.25,
        "onChain": 0.2,
        "price": 0.15
      },
      "totalScore": -0.7300000000000001,
      "score01": 13,
      "confidence": 62,
      "confidenceDetails": {
        "coverage": 1,
        "diversity": 0,
        "agreement": 0.09999999999999998,
        "stability": 1
      },
      "label": "bearish",
      "reasons": [
        "Social ist negativ und prägt damit den Score.",
        "News trägt mit einem Gewicht von 15% zusätzlich bei."
      ],
      "asOf": "2025-11-19T14:25:16.188Z",
      "history": [
        -0.7300000000000001,
        -0.7300000000000001,
        -0.7300000000000001,
        -0.7300000000000001,
        -0.7300000000000001
      ]
    }
  ],
  "complete": true,
  "generatedAt": "2025-11-19T14:25:16.188Z",
  "version": "1.0"
}
