{
  "date": "2025-11-11",
  "universe": [
    "BTC",
    "ETH",
    "SOL",
    "AVAX"
  ],
  "assets": [
    {
      "symbol": "SOL",
      "sentiment": "bullish",
      "score": 0.82,
      "confidence": 0.88,
      "rationale": "Solana-Entwickler berichten von steigender Aktivität und Governance-Engagement, während das DeFi-TVL ein neues Jahreshoch erreicht.",
      "top_signals": [
        { "source": "news", "evidence": "Solana DeFi-TVL erreicht neues Jahreshoch." },
        { "source": "social", "evidence": "SOL devs hypen das nächste Governance-Paket." },
        { "source": "onchain", "evidence": "Neue Adressen und hohes DEX-Volumen zeugen von Engagement." }
      ]
    },
    {
      "symbol": "AVAX",
      "sentiment": "neutral",
      "score": 0.55,
      "confidence": 0.7,
      "rationale": "Avalanche-Brücken verzeichnen Mittelzuflüsse, während Multi-Chain-Strategien in der Community diskutiert werden.",
      "top_signals": [
        { "source": "news", "evidence": "Avalanche-Brücken melden mehr Mittelzufluss." },
        { "source": "social", "evidence": "AVAX-Community diskutiert neue Multi-Chain-Pläne." },
        { "source": "onchain", "evidence": "Stabile TPS und konstante Validator-Votes." }
      ]
    },
    {
      "symbol": "BTC",
      "sentiment": "neutral",
      "score": 0.6,
      "confidence": 0.95,
      "rationale": "Bitcoin-Miner sehen steigende Erlöse, während Exchange-Netflows netto Abflüsse zeigen.",
      "top_signals": [
        { "source": "news", "evidence": "Bitcoin-Miner sehen steigende Erlöse bei stabiler Hashrate." },
        { "source": "onchain", "evidence": "Exchange netflow (netto Abflüsse); Reserve sinkt." },
        { "source": "social", "evidence": "Bitcoin on-chain data hints at renewed accumulation." }
      ]
    },
    {
      "symbol": "ETH",
      "sentiment": "bullish",
      "score": 0.78,
      "confidence": 0.9,
      "rationale": "Geringe Gebühren auf Layer-2s und steigende Transaktionen nach dem Dencun-Upgrade sprechen für positive Dynamik.",
      "top_signals": [
        { "source": "news", "evidence": "Layer-2-Ökosystem verzeichnet neue Kapitalkraft." },
        { "source": "onchain", "evidence": "L2-Transaktionen zeigen wachsende Durchsätze seit dem Dencun-Upgrade." },
        { "source": "social", "evidence": "ETH gas fees super low rn, L2s buzzing." }
      ]
    }
  ],
  "method_note": "Aggregierte Signale aus Social, News und Onchain."
}
