{
  "date": "2025-11-11",
  "universe": [
    "BTC",
    "ETH",
    "SOL",
    "AVAX"
  ],
  "assets": [
    {
      "symbol": "BTC",
      "sentiment": "bullish",
      "score": 0.8,
      "confidence": 0.93,
      "rationale": "Bitcoin-Miner erzielen höhere Erlöse, während Nettoabflüsse von Exchanges auf weniger Verkaufsdruck hindeuten.",
      "top_signals": [
        { "source": "news", "evidence": "Bitcoin-Miner sehen steigende Erlöse bei stabiler Hashrate." },
        { "source": "onchain", "evidence": "Exchange netflow (netto Abflüsse); Reserve sinkt." }
      ]
    },
    {
      "symbol": "ETH",
      "sentiment": "bullish",
      "score": 0.85,
      "confidence": 0.92,
      "rationale": "Ethereum profitiert von niedrigeren Layer-2-Gebühren und steigenden Aktivitätszahlen nach dem Dencun-Upgrade.",
      "top_signals": [
        { "source": "news", "evidence": "Ethereum Dencun-Upgrade senkt L2-Gebühren weiter laut mehreren Rollups." },
        { "source": "onchain", "evidence": "Active addresses increasing; staking ratio stable." }
      ]
    },
    {
      "symbol": "SOL",
      "sentiment": "bullish",
      "score": 0.77,
      "confidence": 0.88,
      "rationale": "Solana verzeichnet steigende DEX-Volumina, während Governance-Diskussionen die Community motivieren.",
      "top_signals": [
        { "source": "news", "evidence": "Solana DeFi-TVL erreicht neues Jahreshoch." },
        { "source": "onchain", "evidence": "Neue Adressen; TPS stabil hoch; DEX-Volumen +7% d/d." }
      ]
    },
    {
      "symbol": "AVAX",
      "sentiment": "neutral",
      "score": 0.6,
      "confidence": 0.75,
      "rationale": "Avalanche-Infrastrukturprojekte berichten von Mittelzuflüssen, während kurzfristige Diskussionen Multi-Chain-Fokus signalisieren.",
      "top_signals": [
        { "source": "news", "evidence": "AVAX-Community diskutiert Multi-Chain-Strategien und neue Brücken." },
        { "source": "onchain", "evidence": "Avalanche-Brücken melden mehr Mittelzufluss in Smart-Contracts." }
      ]
    }
  ],
  "macro_summary": "Market sentiment is generally bullish today, balancing technological progress with macroeconomic caution.",
  "method_note": "Analysis based on aggregated signals from social, news, and on-chain data."
}
