{
  "date": "2025-11-17",
  "universe": [
    "BTC",
    "ETH",
    "SOL",
    "XRP"
  ],
  "assets": [
    {
      "symbol": "BTC",
      "sentiment": "bullish",
      "score": 0.8,
      "confidence": 0.9,
      "rationale": "Starke institutionelle und Miner-Aktivitäten sowie positive ETF-Flüsse deuten auf bullishes Momentum hin.",
      "top_signals": [
        {
          "source": "news",
          "evidence": "ETF-Flüsse und Miner-Erlöse im Blick"
        },
        {
          "source": "social",
          "evidence": "ETF-Narrativ lebt weiter, institutionelle Käufer bleiben aktiv"
        }
      ]
    },
    {
      "symbol": "ETH",
      "sentiment": "neutral",
      "score": 0.5,
      "confidence": 0.7,
      "rationale": "Zuwachs bei Layer-2-Adoption, aber gemischte Performance bezüglich Transaktionsdurchsatz.",
      "top_signals": [
        {
          "source": "news",
          "evidence": "Ethereum Layer-2-Ökosystem gewinnt Tempo"
        }
      ]
    },
    {
      "symbol": "SOL",
      "sentiment": "bullish",
      "score": 0.7,
      "confidence": 0.85,
      "rationale": "Erhöhtes Validator-Engagement und starke On-Chain-Kennzahlen.",
      "top_signals": [
        {
          "source": "news",
          "evidence": "Solana-Infrastruktur verzeichnet Wachstum"
        }
      ]
    },
    {
      "symbol": "XRP",
      "sentiment": "bullish",
      "score": 0.75,
      "confidence": 0.8,
      "rationale": "Kooperationen mit Zahlungsdienstleistern und hohe On-Chain-Sicherheit stärken das Vertrauen.",
      "top_signals": [
        {
          "source": "news",
          "evidence": "Ripple kooperiert mit Zahlungsdienstleistern"
        }
      ]
    }
  ],
  "macro_summary": "Der Kryptomarkt zeigt sich robust, mit Bitcoin als sicherem Hafen und steigender Institutionenbeteiligung. Ethereum und Solana erfahren zunehmendes Interesse im Bereich Layer-2 und Infrastruktur, während Ripple von neuen Kooperationen profitiert.",
  "method_note": "Der Bericht basiert auf aggregierten Signalen aus sozialen Medien, Nachrichten und On-Chain-Daten und berücksichtigt Engagement, Wichtigkeit und aktuelle Trends.",
  "locale": "en"
}
