[
  { "ticker": "BTC", "name": "Bitcoin", "enabled": true, "category": "Layer 1", "displayOrder": 1, "slug": "bitcoin" },
  { "ticker": "ETH", "name": "Ethereum", "enabled": true, "category": "Layer 1", "displayOrder": 2, "slug": "ethereum" },
  { "ticker": "SOL", "name": "Solana", "enabled": true, "category": "Layer 1", "displayOrder": 3, "slug": "solana" },
  { "ticker": "XRP", "name": "Ripple", "enabled": true, "category": "Payments", "displayOrder": 4, "slug": "ripple" },
  { "ticker": "AVAX", "name": "Avalanche", "enabled": false, "category": "Layer 1", "displayOrder": 5, "slug": "avalanche" }
]


